CNAME,WebLink,Linkedin,Instagram
Aprameya Club,https://aprameya.netlify.app/,,https://www.instagram.com/aprameya_klu/
Broadband Networks Club,https://broadbandklef.vercel.app/,https://www.linkedin.com/company/broad-band-networks-club/,
Design Circle,https://design-circle-d34c17.webflow.io/,
Expedite Club,https://klexpedite.vercel.app/
Garuda-Drone Technology Club,https://klgaruda.netlify.app/
Google Developer Groups,https://gdg.community.dev/gdg-on-campus-k-l-deemed-to-be-university-vijayawada-india/
Intel Innovation Club,https://dev-intelclub.pantheonsite.io/
Kognitiv Club,https://kognitivclub.tech/
Mayavi Technology Club,https://klefmayavi.org/
Megha The Cloud Computing Club,https://megha21.netlify.app/
Robotic Process Automation,https://rpakl.github.io/rpa.kl/
Software Engineers Associates(SEA),https://klsea.netlify.app/
School of Competative Coding,https://soccweb.vercel.app/
School of Data Science,https://klsods.netlify.app/
Trailblazers club,https://kltrailblazers.netlify.app/
Kognitiv Club,https://kognitivclub.tech/
Intelligentsia Club,https://intelligentsiaclub.netlify.app/